{
  "commit": "f0b372a",
  "embedding_dim": 384,
  "environment": "enclave",
  "hardware": "m6i.xlarge",
  "inference": {
    "input_texts": [
      "What is the capital of France?",
      "Machine learning enables computers to learn from data.",
      "The quick brown fox jumps over the lazy dog.",
      "Confidential computing protects data in use.",
      "Rust provides memory safety without garbage collection."
    ],
    "latency_ms": {
      "max": 193.77,
      "mean": 178.14,
      "min": 175.63,
      "p50": 176.96,
      "p95": 190.91,
      "p99": 193.41
    },
    "num_iterations": 100,
    "throughput_inferences_per_sec": 5.61
  },
  "memory": {
    "model_size_mb": 127.28,
    "peak_rss_mb": 1494.16,
    "peak_rss_source": "VmHWM",
    "peak_vmsize_mb": 1499.57
  },
  "model": "MiniLM-L12-v2",
  "model_id": "minilm-l12",
  "model_params": 33400000,
  "quality": {
    "embedding": [
      -0.11166545003652573,
      0.20034386217594147,
      -0.10041630268096924,
      -0.116481252014637,
      0.04606720432639122,
      0.10869553685188293,
      0.5363886952400208,
      -0.05344262719154358,
      0.02078229933977127,
      0.0001319307484664023,
      0.03236496075987816,
      -0.2783535420894623,
      0.0489044226706028,
      -0.08783795684576035,
      -0.14203542470932007,
      -0.00011235558486077935,
      0.01378251239657402,
      -0.029441965743899345,
      0.016965070739388466,
      0.05869847536087036,
      -0.11129578948020935,
      0.049297839403152466,
      0.3234504759311676,
      0.32325878739356995,
      -0.22485849261283875,
      -0.42814192175865173,
      0.08302333950996399,
      0.12099121510982513,
      -0.16828009486198425,
      -0.10858983546495438,
      -0.010990310460329056,
      0.23351210355758667,
      0.05907367914915085,
      -0.08521417528390884,
      -0.08660876005887985,
      -0.08359742909669876,
      0.09484035521745682,
      0.16327258944511414,
      0.07670552283525467,
      0.19215601682662964,
      -0.08211807161569595,
      -0.4383697509765625,
      -0.026080388575792313,
      0.09813562780618668,
      -0.02092810720205307,
      -0.013778142631053925,
      0.2621765732765198,
      0.07883664220571518,
      -0.05186082422733307,
      0.051868271082639694,
      -0.02034250646829605,
      -0.2566390931606293,
      -0.23717345297336578,
      -0.14414338767528534,
      0.3181847035884857,
      -0.052123598754405975,
      -0.20562580227851868,
      0.23362445831298828,
      0.129975363612175,
      0.12018917500972748,
      0.41217243671417236,
      -0.056297022849321365,
      -0.10866795480251312,
      0.32064810395240784,
      0.09270212799310684,
      -0.10264904052019119,
      0.20030400156974792,
      0.15792006254196167,
      -0.34729114174842834,
      -0.3139953017234802,
      -0.22744186222553253,
      0.062420766800642014,
      -0.11451629549264908,
      0.002207646844908595,
      0.08656009286642075,
      -0.14478985965251923,
      0.20486204326152802,
      -0.22595399618148804,
      0.13924381136894226,
      -0.10120878368616104,
      0.15753787755966187,
      -0.36827701330184937,
      0.2713054418563843,
      0.045394252985715866,
      0.07347052544355392,
      0.005057970527559519,
      0.3481171131134033,
      -0.13924875855445862,
      0.27042528986930847,
      -0.09841848164796829,
      -0.29249846935272217,
      0.19336862862110138,
      0.07480478286743164,
      -0.20648080110549927,
      0.11815370619297028,
      0.26798638701438904,
      0.04328610748052597,
      -0.17010502517223358,
      0.14409197866916656,
      0.7942969799041748,
      0.08732250332832336,
      0.10308098047971725,
      0.09023129940032959,
      -0.05000986158847809,
      -0.1561228334903717,
      -0.05905311554670334,
      -0.20121093094348907,
      0.13535574078559875,
      -0.10725539922714233,
      -0.05213191360235214,
      -0.15570253133773804,
      0.030345214530825615,
      0.14026635885238647,
      -0.27890831232070923,
      0.3031798303127289,
      -0.15402233600616455,
      0.20224983990192413,
      -0.15450052917003632,
      -0.06417868286371231,
      0.06758375465869904,
      -0.003755503334105015,
      0.21127334237098694,
      -0.2266741842031479,
      0.043437227606773376,
      0.020654678344726562,
      -0.030797727406024933,
      -0.06305423378944397,
      -0.00023465520644094795,
      -0.04601958021521568,
      -0.10294771194458008,
      0.1994205266237259,
      0.30430254340171814,
      -0.1260063797235489,
      -0.04244687408208847,
      -0.19768677651882172,
      -0.10130202025175095,
      -0.1470818817615509,
      0.11735150218009949,
      0.168257936835289,
      0.05178403854370117,
      -0.037370674312114716,
      0.26664766669273376,
      0.12605129182338715,
      0.17561019957065582,
      -0.26480287313461304,
      0.1592312604188919,
      0.31837034225463867,
      -0.14801929891109467,
      -0.12206670641899109,
      0.6682863235473633,
      0.05593258887529373,
      0.19325141608715057,
      0.01809001713991165,
      -0.34393033385276794,
      -0.10382957011461258,
      0.08321139216423035,
      0.05520796403288841,
      -0.016836067661643028,
      0.24147701263427734,
      0.21172340214252472,
      -0.00911936815828085,
      0.001838067313656211,
      -0.04153653606772423,
      0.2328791320323944,
      0.19149187207221985,
      -0.27675870060920715,
      -0.13658760488033295,
      0.06673578172922134,
      -0.0058554294519126415,
      -0.045877035707235336,
      0.0775931105017662,
      0.2244594842195511,
      -0.1381894052028656,
      0.33964136242866516,
      -0.07824622094631195,
      0.12155667692422867,
      0.20264090597629547,
      0.11145002394914627,
      0.1293611079454422,
      0.11995100975036621,
      -0.0721907913684845,
      -0.13076265156269073,
      -0.0027250945568084717,
      -0.025151338428258896,
      0.12953120470046997,
      0.13317835330963135,
      -0.04877414181828499,
      -0.25293296575546265,
      0.3971606194972992,
      -0.3056446611881256,
      0.28291410207748413,
      0.46319007873535156,
      -0.2840065360069275,
      -0.07569190859794617,
      -0.005772024858742952,
      0.14680971205234528,
      -0.08210472762584686,
      0.10169287025928497,
      -0.042142704129219055,
      0.21242308616638184,
      -0.046034809201955795,
      0.0029082430992275476,
      -0.11832884699106216,
      0.03486718609929085,
      0.26568734645843506,
      -0.13053768873214722,
      0.36856794357299805,
      0.02549738995730877,
      -0.21442271769046783,
      -0.06915056705474854,
      0.23466256260871887,
      0.17873221635818481,
      -0.07044511288404465,
      -0.21569114923477173,
      -0.09476563334465027,
      -0.12321600317955017,
      0.2453220635652542,
      -0.20738932490348816,
      -0.4104999899864197,
      -0.05449802428483963,
      0.1443008929491043,
      -0.061458367854356766,
      -0.1935366541147232,
      1.3080429762715736e-31,
      -0.29983097314834595,
      -0.22727921605110168,
      -0.17444375157356262,
      0.24627678096294403,
      0.3589986264705658,
      -0.13514091074466705,
      0.28050386905670166,
      0.23706190288066864,
      0.23229765892028809,
      -0.1420450657606125,
      -0.13395769894123077,
      -0.1665039360523224,
      0.297170490026474,
      -0.18920885026454926,
      -0.19454412162303925,
      -0.2836906611919403,
      0.053422797471284866,
      -0.10110443085432053,
      -0.037424854934215546,
      -0.13641268014907837,
      0.1486171931028366,
      0.15012793242931366,
      0.03398371487855911,
