{
  "benchmark": "quality_determinism",
  "baseline": {
    "num_runs": 1,
    "files": [
      "/tmp/benchmark_results_multimodel_20260205/minilm-l6_run3/baseline_results.json"
    ],
    "deterministic": true,
    "unique_sha256_count": 1,
    "sha256": [
      "c4f3b51daa1900db2030e89fe6b6b6bd13854e6cafbed41cfbee672c8701da6b"
    ]
  },
  "num_runs": 1,
  "enclave": {
    "num_runs": 1,
    "files": [
      "/tmp/benchmark_results_multimodel_20260205/minilm-l6_run3/enclave_results.json"
    ],
    "deterministic": true,
    "unique_sha256_count": 1,
    "sha256": [
      "8425c4f36d93057fe4aeed9f5688b2ff63942ab2dd84c232f55a2bca1a44faf1"
    ]
  },
  "cross_environment": {
    "sha256_match": false,
    "cosine_similarity": {
      "min": 0.999999999999871,
      "max": 0.999999999999871,
      "mean": 0.999999999999871
    },
    "max_abs_diff": {
      "min": 5.811452865600586e-07,
      "max": 5.811452865600586e-07,
      "mean": 5.811452865600586e-07
    },
    "verdict": "near-identical (f32 precision)"
  }
}
