{
  "commit": "8fc6c36",
  "embedding_dim": 384,
  "environment": "enclave",
  "hardware": "m6i.xlarge",
  "inference": {
    "input_texts": [
      "What is the capital of France?",
      "Machine learning enables computers to learn from data.",
      "The quick brown fox jumps over the lazy dog.",
      "Confidential computing protects data in use.",
      "Rust provides memory safety without garbage collection."
    ],
    "latency_ms": {
      "max": 93.09,
      "mean": 90.33,
      "min": 88.63,
      "p50": 90.13,
      "p95": 92.08,
      "p99": 92.21
    },
    "num_iterations": 100,
    "throughput_inferences_per_sec": 11.07
  },
  "memory": {
    "model_size_mb": 86.66,
    "peak_rss_mb": 585.8,
    "peak_rss_source": "VmHWM",
    "peak_vmsize_mb": 631.91
  },
  "model": "MiniLM-L6-v2",
  "model_id": "minilm-l6",
  "model_params": 22700000,
  "quality": {
    "embedding": [
      0.6585147380828857,
      0.3906991183757782,
      -0.05510350689291954,
      0.0366717129945755,
      -0.435758113861084,
      -0.2519952356815338,
      -0.09157641977071762,
      -0.9003628492355347,
      -0.2519156038761139,
      -0.3987668454647064,
      -0.32817867398262024,
      -0.5816769003868103,
      0.3091610372066498,
      -0.6462802290916443,
      -0.41843080520629883,
      -0.4981628954410553,
      0.20481792092323303,
      -0.29366302490234375,
      0.6402447819709778,
      -0.117539182305336,
      0.20101875066757202,
      -0.1294657289981842,
      0.8497838973999023,
      -0.47861719131469727,
      0.269464373588562,
      -0.21377664804458618,
      -0.5049580335617065,
      0.034381549805402756,
      0.0771273598074913,
      -0.2838412821292877,
      0.4229823648929596,
      -0.12033229321241379,
      0.2561691403388977,
      -0.27003127336502075,
      -0.17040269076824188,
      -0.14274659752845764,
      -0.06474776566028595,
      0.35846492648124695,
      0.2606230080127716,
      0.5298958420753479,
      -0.06435177475214005,
      -0.47963497042655945,
      -0.08356732875108719,
      0.06667247414588928,
      -0.19213171303272247,
      0.5837308764457703,
      -0.1496458649635315,
      0.8921731114387512,
      0.5462839603424072,
      0.0009320974349975586,
      0.3538750112056732,
      0.1477663218975067,
      -0.5590194463729858,
      -0.40128013491630554,
      0.4672243893146515,
      1.0052404403686523,
      -0.1330156773328781,
      -0.14588406682014465,
      0.059618957340717316,
      0.2725401520729065,
      0.289430171251297,
      -0.07638916373252869,
      -0.2938835620880127,
      0.31891095638275146,
      0.4436536133289337,
      -0.029213465750217438,
      0.0013295470271259546,
      0.48891693353652954,
      -0.6894209384918213,
      -0.30106037855148315,
      -0.02236722968518734,
      -0.18918341398239136,
      -0.7030689716339111,
      -0.38052621483802795,
      0.6829914450645447,
      -0.6200461983680725,
      -0.7662122249603271,
      0.1018473356962204,
      -0.018899444490671158,
      0.6395747661590576,
      -0.07094347476959229,
      -0.33797961473464966,
      0.5721476078033447,
      0.20050647854804993,
      0.5686550140380859,
      0.08183152228593826,
      0.9875257015228271,
      0.05450008809566498,
      0.2814715504646301,
      -0.4556553065776825,
      -0.6001179218292236,
      0.35290855169296265,
      0.12437871098518372,
      0.4067234396934509,
      -0.6175435185432434,
      0.4742649495601654,
      -0.4535149037837982,
      -0.39439648389816284,
      -0.18634547293186188,
      0.7408129572868347,
      -0.3234421908855438,
      -0.12798598408699036,
      0.2730226218700409,
      -0.4277541935443878,
      -0.17380230128765106,
      0.0686885267496109,
      -0.3863219916820526,
      0.2479182928800583,
      -0.09119805693626404,
      0.05121423304080963,
      -0.38142818212509155,
      -0.19708821177482605,
      -0.17026551067829132,
      0.019622061401605606,
      0.6862853765487671,
      0.8271663188934326,
      0.37724101543426514,
      -0.25500649213790894,
      0.1762935370206833,
      0.0050582257099449635,
      -0.3073745667934418,
      -0.27200376987457275,
      -0.6172019243240356,
      0.21856096386909485,
      -0.03311288729310036,
      0.3791781961917877,
      -0.20264261960983276,
      -3.87169224171437e-32,
      0.3292592465877533,
      0.1619044840335846,
      0.5292371511459351,
      0.1858406662940979,
      -0.5231997966766357,
      -0.6015079021453857,
      -0.2495388388633728,
      -0.3059500753879547,
      -0.5635600090026855,
      0.6191816329956055,
      0.5568614602088928,
      -0.7436726093292236,
      -0.22581921517848969,
      0.27435851097106934,
      1.0989117622375488,
      -0.24428433179855347,
      0.8506918549537659,
      0.6252431869506836,
      -0.3580419719219208,
      0.5241249203681946,
      -0.12650473415851593,
      0.8223316669464111,
      0.07108703255653381,
      0.10524772107601166,
      0.09325655549764633,
      0.07618776708841324,
      0.34913697838783264,
      1.050362467765808,
      0.10351020842790604,
      -0.02704552374780178,
      -0.2122202068567276,
      -0.4588977098464966,
      -0.04709486663341522,
      -0.012167524546384811,
      -0.0723433718085289,
      0.5255705714225769,
      -0.04835032671689987,
      -0.3435646593570709,
      0.23034249246120453,
      -0.15204933285713196,
      -0.11517427861690521,
      -0.4759269952774048,
      0.08681028336286545,
      0.25358107686042786,
      0.07428406178951263,
      -0.2746662199497223,
      0.012236201204359531,
      -0.8706439137458801,
      0.7679264545440674,
      -0.046461839228868484,
      0.2670442759990692,
      0.13729017972946167,
      -0.45100200176239014,
      0.31855309009552,
      -0.43025583028793335,
      1.0144253969192505,
      -0.3371092975139618,
      0.40955594182014465,
      0.2087716907262802,
      -0.0017460050294175744,
      -0.06332916766405106,
      -0.2653762996196747,
      0.4997354745864868,
      0.615572452545166,
      0.3891867995262146,
      0.041727252304553986,
      0.07900062948465347,
      0.19195161759853363,
      0.19335544109344482,
      -0.49105697870254517,
      -0.14605502784252167,
      0.1353028565645218,
      0.7233178615570068,
      -0.18958336114883423,
      0.2761286497116089,
      0.962372899055481,
      0.030148396268486977,
      -0.37111708521842957,
      0.09823298454284668,
      0.11133676022291183,
      -0.6210503578186035,
      0.01285247690975666,
      -0.7499302625656128,
      0.46755659580230713,
      0.11666509509086609,
      -0.09409547597169876,
      -0.006871914491057396,
      -0.2863902747631073,
      0.029802296310663223,
      -0.27944496273994446,
      -1.1800854206085205,
      -0.6822060942649841,
      0.00041131675243377686,
      -0.4079784154891968,
      -0.648344874382019,
      3.3467540804563626e-32,
      0.31071117520332336,
      -0.3554301857948303,
      -0.05850491300225258,
      0.539492666721344,
      -0.6621479392051697,
      -0.15592020750045776,
      0.41292110085487366,
      0.7388634085655212,
      -0.45475900173187256,
      -0.2492101937532425,
      -0.5845091938972473,
      -0.5594754219055176,
      0.38143208622932434,
      0.02609109878540039,
      0.2621707320213318,
      0.45312684774398804,
      0.6402809619903564,
      -0.012533586472272873,
      0.21913713216781616,
      -0.45348644256591797,
      -0.6683641076087952,
      0.05090927332639694,
      -0.2580147385597229,
      -0.1848088949918747,
      -0.17931024730205536,
      -0.01031176745891571,
      -0.4870828092098236,
