{
  "commit": "f0b372a",
  "environment": "bare_metal",
  "hardware": "m6i.xlarge",
  "inference": {
    "input_texts": [
      "What is the capital of France?",
      "Machine learning enables computers to learn from data.",
      "The quick brown fox jumps over the lazy dog.",
      "Confidential computing protects data in use.",
      "Rust provides memory safety without garbage collection."
    ],
    "latency_ms": {
      "max": 158.56,
      "mean": 156.01,
      "min": 154.42,
      "p50": 155.99,
      "p95": 157.41,
      "p99": 158.53
    },
    "num_iterations": 100,
    "throughput_inferences_per_sec": 6.41
  },
  "memory": {
    "model_size_mb": 127.28,
    "peak_rss_mb": 388.0,
    "peak_rss_source": "VmHWM",
    "peak_vmsize_mb": 616.43
  },
  "model": "MiniLM-L12-v2",
  "model_id": "minilm-l12",
  "model_params": 33400000,
  "quality": {
    "embedding": [
      -0.11166583001613617,
      0.20034419000148773,
      -0.10041637718677521,
      -0.11648152768611908,
      0.04606753587722778,
      0.10869529098272324,
      0.5363889336585999,
      -0.053442563861608505,
      0.020782459527254105,
      0.00013210790348239243,
      0.03236519917845726,
      -0.27835360169410706,
      0.04890407994389534,
      -0.08783790469169617,
      -0.14203520119190216,
      -0.00011231667303945869,
      0.013782576657831669,
      -0.02944214455783367,
      0.016964741051197052,
      0.058698296546936035,
      -0.11129585653543472,
      0.04929795116186142,
      0.3234507441520691,
      0.3232584297657013,
      -0.22485870122909546,
      -0.42814216017723083,
      0.08302336186170578,
      0.12099149823188782,
      -0.1682799905538559,
      -0.10858985036611557,
      -0.010990382172167301,
      0.23351216316223145,
      0.05907376483082771,
      -0.08521419018507004,
      -0.08660875260829926,
      -0.08359745889902115,
      0.09484051167964935,
      0.1632726788520813,
      0.0767056867480278,
      0.19215595722198486,
      -0.08211828768253326,
      -0.438369482755661,
      -0.02608034759759903,
      0.0981355831027031,
      -0.02092842012643814,
      -0.01377837173640728,
      0.2621764540672302,
      0.07883656769990921,
      -0.051860954612493515,
      0.05186806991696358,
      -0.02034231275320053,
      -0.25663912296295166,
      -0.23717345297336578,
      -0.14414331316947937,
      0.31818482279777527,
      -0.052123699337244034,
      -0.20562559366226196,
      0.23362421989440918,
      0.1299753487110138,
      0.12018915265798569,
      0.41217225790023804,
      -0.05629689246416092,
      -0.10866788029670715,
      0.32064831256866455,
      0.09270215034484863,
      -0.10264921188354492,
      0.20030389726161957,
      0.15791994333267212,
      -0.34729093313217163,
      -0.31399497389793396,
      -0.22744205594062805,
      0.06242048740386963,
      -0.11451622098684311,
      0.002207682467997074,
      0.08656018227338791,
      -0.14479023218154907,
      0.20486190915107727,
      -0.22595426440238953,
      0.13924355804920197,
      -0.10120905190706253,
      0.15753793716430664,
      -0.3682768940925598,
      0.2713053524494171,
      0.04539424180984497,
      0.07347070425748825,
      0.005058321636170149,
      0.3481169044971466,
      -0.13924892246723175,
      0.270425021648407,
      -0.09841865301132202,
      -0.2924984097480774,
      0.19336840510368347,
      0.07480469346046448,
      -0.20648060739040375,
      0.1181538999080658,
      0.26798635721206665,
      0.043286144733428955,
      -0.17010529339313507,
      0.14409209787845612,
      0.7942969799041748,
      0.08732245117425919,
      0.10308089852333069,
      0.09023138135671616,
      -0.05000985786318779,
      -0.15612302720546722,
      -0.05905319005250931,
      -0.20121054351329803,
      0.1353556513786316,
      -0.10725519061088562,
      -0.05213179811835289,
      -0.1557023823261261,
      0.03034505993127823,
      0.14026625454425812,
      -0.2789078652858734,
      0.3031797707080841,
      -0.15402276813983917,
      0.20224949717521667,
      -0.1545005440711975,
      -0.06417885422706604,
      0.06758354604244232,
      -0.003755374113097787,
      0.21127325296401978,
      -0.22667424380779266,
      0.04343718662858009,
      0.020654777064919472,
      -0.03079797886312008,
      -0.06305421143770218,
      -0.00023473467445001006,
      -0.04601980745792389,
      -0.10294724255800247,
      0.19942088425159454,
      0.30430254340171814,
      -0.1260065734386444,
      -0.04244684800505638,
      -0.197686567902565,
      -0.10130172222852707,
      -0.14708185195922852,
      0.11735153198242188,
      0.16825760900974274,
      0.05178413167595863,
      -0.03737075999379158,
      0.2666478753089905,
      0.12605156004428864,
      0.1756104826927185,
      -0.2648029625415802,
      0.15923118591308594,
      0.318370521068573,
      -0.14801950752735138,
      -0.12206660211086273,
      0.6682866215705872,
      0.05593252182006836,
      0.19325096905231476,
      0.018090002238750458,
      -0.34393012523651123,
      -0.10382983833551407,
      0.08321154117584229,
      0.05520772933959961,
      -0.016836069524288177,
      0.2414770871400833,
      0.2117234468460083,
      -0.009119232185184956,
      0.0018382908310741186,
      -0.04153640568256378,
      0.23287929594516754,
      0.19149191677570343,
      -0.27675867080688477,
      -0.13658744096755981,
      0.06673567742109299,
      -0.0058555505238473415,
      -0.045876841992139816,
      0.07759296149015427,
      0.22445935010910034,
      -0.13818925619125366,
      0.339641273021698,
      -0.07824600487947464,
      0.1215565875172615,
      0.2026405930519104,
      0.11145024746656418,
      0.12936097383499146,
      0.1199508011341095,
      -0.07219032198190689,
      -0.1307627558708191,
      -0.002724982798099518,
      -0.025151537731289864,
      0.12953121960163116,
      0.13317833840847015,
      -0.04877447709441185,
      -0.2529330253601074,
      0.39716050028800964,
      -0.3056446313858032,
      0.28291428089141846,
      0.4631902873516083,
      -0.2840065658092499,
      -0.07569152861833572,
      -0.005771799478679895,
      0.14680977165699005,
      -0.08210501819849014,
      0.10169295221567154,
      -0.04214279353618622,
      0.21242305636405945,
      -0.046035345643758774,
      0.0029085990972816944,
      -0.11832877993583679,
      0.03486720845103264,
      0.26568716764450073,
      -0.13053792715072632,
      0.36856818199157715,
      0.025497592985630035,
      -0.2144225835800171,
      -0.06915053725242615,
      0.23466259241104126,
      0.17873230576515198,
      -0.07044556736946106,
      -0.21569138765335083,
      -0.09476584941148758,
      -0.12321577966213226,
      0.24532222747802734,
      -0.2073890119791031,
      -0.4104999601840973,
      -0.05449800193309784,
      0.14430083334445953,
      -0.06145848333835602,
      -0.1935369372367859,
      1.3080426236232683e-31,
      -0.29983118176460266,
      -0.22727888822555542,
      -0.17444390058517456,
      0.24627679586410522,
      0.3589988350868225,
      -0.13514070212841034,
      0.28050386905670166,
      0.23706160485744476,
      0.2322981059551239,
      -0.14204509556293488,
      -0.13395808637142181,
      -0.1665041446685791,
      0.29717013239860535,
      -0.1892089694738388,
      -0.19454391300678253,
      -0.28369075059890747,
      0.05342249572277069,
      -0.10110434144735336,
      -0.03742454573512077,
      -0.13641244173049927,
      0.1486172080039978,
      0.1501278579235077,
      0.03398381918668747,
      0.12567026913166046,
      -0.21578656136989594,
      -0.17028245329856873,
      -0.11881235241889954,
      -0.04053060710430145,
      -0.37344804406166077,
      -0.10896000266075134,
      0.19881324470043182,
      0.006546689663082361,
      -0.4037669897079468,
      0.14789609611034393,
      -0.18301719427108765,
