{
  "commit": "5fa19c5",
  "environment": "bare_metal",
  "hardware": "m6i.xlarge",
  "inference": {
    "input_texts": [
      "What is the capital of France?",
      "Machine learning enables computers to learn from data.",
      "The quick brown fox jumps over the lazy dog.",
      "Confidential computing protects data in use.",
      "Rust provides memory safety without garbage collection."
    ],
    "latency_ms": {
      "max": 79.2,
      "mean": 77.8,
      "min": 77.23,
      "p50": 77.78,
      "p95": 78.31,
      "p99": 78.59
    },
    "num_iterations": 100,
    "throughput_inferences_per_sec": 12.85
  },
  "memory": {
    "model_size_mb": 86.66,
    "peak_rss_mb": 265.71,
    "peak_rss_source": "VmHWM",
    "peak_vmsize_mb": 534.74
  },
  "model": "MiniLM-L6-v2",
  "model_params": 22700000,
  "quality": {
    "embedding": [
      0.6585149765014648,
      0.390699177980423,
      -0.055103182792663574,
      0.03667166084051132,
      -0.4357580244541168,
      -0.2519950270652771,
      -0.09157652407884598,
      -0.9003627300262451,
      -0.2519157826900482,
      -0.3987669348716736,
      -0.32817885279655457,
      -0.5816771388053894,
      0.3091610372066498,
      -0.6462801098823547,
      -0.4184306859970093,
      -0.49816301465034485,
      0.2048177868127823,
      -0.29366329312324524,
      0.6402444243431091,
      -0.11753901094198227,
      0.20101889967918396,
      -0.12946563959121704,
      0.8497836589813232,
      -0.4786170423030853,
      0.26946431398391724,
      -0.2137763798236847,
      -0.5049583911895752,
      0.034381818026304245,
      0.07712746411561966,
      -0.283841073513031,
      0.4229826331138611,
      -0.12033210694789886,
      0.25616952776908875,
      -0.2700313925743103,
      -0.17040270566940308,
      -0.14274664223194122,
      -0.06474798172712326,
      0.35846489667892456,
      0.260623037815094,
      0.529896080493927,
      -0.06435176730155945,
      -0.47963470220565796,
      -0.08356758207082748,
      0.06667249649763107,
      -0.1921314150094986,
      0.5837314128875732,
      -0.14964622259140015,
      0.8921735286712646,
      0.5462836623191833,
      0.0009324352140538394,
      0.3538748323917389,
      0.14776651561260223,
      -0.559019148349762,
      -0.4012800455093384,
      0.46722424030303955,
      1.0052400827407837,
      -0.1330154687166214,
      -0.14588424563407898,
      0.059619128704071045,
      0.27254027128219604,
      0.28943026065826416,
      -0.0763896033167839,
      -0.2938835918903351,
      0.3189111351966858,
      0.4436534345149994,
      -0.029213620349764824,
      0.0013293499359861016,
      0.48891687393188477,
      -0.6894212365150452,
      -0.3010602593421936,
      -0.022367460653185844,
      -0.18918322026729584,
      -0.7030694484710693,
      -0.38052600622177124,
      0.6829913854598999,
      -0.6200459599494934,
      -0.7662121057510376,
      0.10184682160615921,
      -0.018899496644735336,
      0.6395745873451233,
      -0.07094362378120422,
      -0.33797961473464966,
      0.5721475481987,
      0.2005062848329544,
      0.5686550736427307,
      0.08183176070451736,
      0.9875258207321167,
      0.05450020357966423,
      0.2814716100692749,
      -0.4556550979614258,
      -0.6001182198524475,
      0.3529087007045746,
      0.12437861412763596,
      0.4067237973213196,
      -0.6175433993339539,
      0.47426503896713257,
      -0.45351511240005493,
      -0.39439645409584045,
      -0.18634554743766785,
      0.7408130764961243,
      -0.32344233989715576,
      -0.12798601388931274,
      0.2730226516723633,
      -0.4277541935443878,
      -0.1738024801015854,
      0.0686885267496109,
      -0.38632193207740784,
      0.247918501496315,
      -0.09119826555252075,
      0.05121414363384247,
      -0.3814282715320587,
      -0.19708821177482605,
      -0.17026537656784058,
      0.019621901214122772,
      0.6862851977348328,
      0.8271661996841431,
      0.37724068760871887,
      -0.2550065219402313,
      0.1762935072183609,
      0.00505808973684907,
      -0.30737417936325073,
      -0.27200356125831604,
      -0.617201566696167,
      0.21856090426445007,
      -0.033112652599811554,
      0.3791780471801758,
      -0.20264245569705963,
      -3.8716916539671945e-32,
      0.3292589485645294,
      0.16190478205680847,
      0.5292374491691589,
      0.18584053218364716,
      -0.5231997966766357,
      -0.6015079021453857,
      -0.24953913688659668,
      -0.3059501349925995,
      -0.5635603666305542,
      0.6191818714141846,
      0.5568616390228271,
      -0.7436723709106445,
      -0.22581905126571655,
      0.27435868978500366,
      1.0989116430282593,
      -0.2442842274904251,
      0.8506921529769897,
      0.6252431273460388,
      -0.35804176330566406,
      0.5241250991821289,
      -0.12650471925735474,
      0.822331964969635,
      0.07108736038208008,
      0.10524793714284897,
      0.09325678646564484,
      0.07618781179189682,
      0.3491371273994446,
      1.0503628253936768,
      0.10351049900054932,
      -0.027045492082834244,
      -0.21222029626369476,
      -0.4588977098464966,
      -0.04709488898515701,
      -0.012167707085609436,
      -0.07234355807304382,
      0.5255703926086426,
      -0.048350103199481964,
      -0.3435644209384918,
      0.23034220933914185,
      -0.15204916894435883,
      -0.11517422646284103,
      -0.4759271442890167,
      0.08681045472621918,
      0.25358110666275024,
      0.07428373396396637,
      -0.274666428565979,
      0.012235939502716064,
      -0.870644211769104,
      0.7679262757301331,
      -0.046462107449769974,
      0.2670446038246155,
      0.13729016482830048,
      -0.451001912355423,
      0.3185529112815857,
      -0.43025559186935425,
      1.0144256353378296,
      -0.3371092975139618,
      0.40955573320388794,
      0.20877110958099365,
      -0.0017461060779169202,
      -0.06332879513502121,
      -0.26537632942199707,
      0.49973535537719727,
      0.6155729293823242,
      0.38918671011924744,
      0.04172714427113533,
      0.07900089025497437,
      0.1919516623020172,
      0.19335545599460602,
      -0.4910571873188019,
      -0.14605502784252167,
      0.1353030800819397,
      0.7233179807662964,
      -0.18958339095115662,
      0.27612850069999695,
      0.962372899055481,
      0.030148394405841827,
      -0.37111696600914,
      0.09823312610387802,
      0.1113365888595581,
      -0.6210504174232483,
      0.012852554209530354,
      -0.7499302625656128,
      0.467556357383728,
      0.11666454374790192,
      -0.09409531950950623,
      -0.006871761288493872,
      -0.28638991713523865,
      0.029802219942212105,
      -0.2794449031352997,
      -1.18008553981781,
      -0.6822060346603394,
      0.000411300192354247,
      -0.4079781174659729,
      -0.6483449935913086,
      3.346753492709187e-32,
      0.3107110857963562,
      -0.35542991757392883,
      -0.0585053376853466,
      0.5394928455352783,
      -0.6621477603912354,
      -0.1559196412563324,
      0.41292107105255127,
      0.7388632297515869,
      -0.4547593295574188,
      -0.24921004474163055,
      -0.5845088958740234,
      -0.5594749450683594,
      0.38143184781074524,
      0.02609087899327278,
      0.2621707320213318,
      0.4531267583370209,
      0.6402810215950012,
      -0.012534060515463352,
      0.21913692355155945,
      -0.45348650217056274,
      -0.6683638691902161,
      0.05090929567813873,
      -0.2580144703388214,
      -0.18480899930000305,
      -0.17931002378463745,
      -0.010311590507626534,
      -0.4870828092098236,
      0.19418823719024658,
      0.06885933876037598,
      -0.2944166660308838,
      -0.09594666212797165,
      -0.038477472960948944,
      0.13950960338115692,
      0.6126081943511963,
      -0.251850962638855,
      0.5610188841819763,
      0.1841428428888321,
      -0.0013537158956751227,
      0.09778152406215668,
      0.02611464262008667,
