{
  "commit": "f1ba30d",
  "environment": "bare_metal",
  "hardware": "m6i.xlarge",
  "inference": {
    "input_texts": [
      "What is the capital of France?",
      "Machine learning enables computers to learn from data.",
      "The quick brown fox jumps over the lazy dog.",
      "Confidential computing protects data in use.",
      "Rust provides memory safety without garbage collection."
    ],
    "latency_ms": {
      "max": 77.85,
      "mean": 74.61,
      "min": 72.22,
      "p50": 74.58,
      "p95": 76.8,
      "p99": 77.8
    },
    "num_iterations": 100,
    "throughput_inferences_per_sec": 13.4
  },
  "memory": {
    "model_size_mb": 86.66,
    "peak_rss_mb": 266.48,
    "peak_rss_source": "VmHWM",
    "peak_vmsize_mb": 522.63
  },
  "model": "MiniLM-L6-v2",
  "model_id": "minilm-l6",
  "model_params": 22700000,
  "quality": {
    "embedding": [
      0.6585142612457275,
      0.3906993865966797,
      -0.05510325729846954,
      0.03667162358760834,
      -0.4357578456401825,
      -0.2519955337047577,
      -0.0915767103433609,
      -0.9003623127937317,
      -0.2519156038761139,
      -0.3987671136856079,
      -0.32817864418029785,
      -0.5816774964332581,
      0.3091607391834259,
      -0.6462805271148682,
      -0.41843047738075256,
      -0.4981628656387329,
      0.20481790602207184,
      -0.2936627268791199,
      0.6402444839477539,
      -0.11753886193037033,
      0.20101864635944366,
      -0.1294661909341812,
      0.8497832417488098,
      -0.4786168336868286,
      0.26946431398391724,
      -0.21377652883529663,
      -0.504957914352417,
      0.03438151627779007,
      0.07712723314762115,
      -0.28384125232696533,
      0.42298251390457153,
      -0.12033208459615707,
      0.2561691403388977,
      -0.27003130316734314,
      -0.17040270566940308,
      -0.1427464336156845,
      -0.06474795192480087,
      0.35846439003944397,
      0.2606232464313507,
      0.5298960208892822,
      -0.0643516480922699,
      -0.47963523864746094,
      -0.08356732875108719,
      0.06667257845401764,
      -0.19213128089904785,
      0.5837308168411255,
      -0.1496453881263733,
      0.8921731114387512,
      0.5462841391563416,
      0.0009322762489318848,
      0.35387492179870605,
      0.14776667952537537,
      -0.5590193271636963,
      -0.40128007531166077,
      0.467224657535553,
      1.0052403211593628,
      -0.13301511108875275,
      -0.14588415622711182,
      0.059619367122650146,
      0.2725399136543274,
      0.2894301414489746,
      -0.0763891413807869,
      -0.2938835322856903,
      0.31891119480133057,
      0.443653404712677,
      -0.02921382524073124,
      0.0013296513352543116,
      0.4889172315597534,
      -0.6894210577011108,
      -0.30106019973754883,
      -0.022367559373378754,
      -0.1891832947731018,
      -0.7030689716339111,
      -0.3805257976055145,
      0.6829915046691895,
      -0.6200462579727173,
      -0.7662122249603271,
      0.10184645652770996,
      -0.018899500370025635,
      0.6395744681358337,
      -0.07094376534223557,
      -0.3379795551300049,
      0.5721471905708313,
      0.20050643384456635,
      0.5686553120613098,
      0.08183182775974274,
      0.9875259399414062,
      0.054500117897987366,
      0.28147199749946594,
      -0.4556552469730377,
      -0.6001178622245789,
      0.35290828347206116,
      0.12437885254621506,
      0.40672364830970764,
      -0.6175432801246643,
      0.4742647707462311,
      -0.45351484417915344,
      -0.39439690113067627,
      -0.18634575605392456,
      0.7408130168914795,
      -0.32344257831573486,
      -0.12798601388931274,
      0.27302253246307373,
      -0.42775410413742065,
      -0.1738022267818451,
      0.06868887692689896,
      -0.38632187247276306,
      0.24791871011257172,
      -0.09119849652051926,
      0.05121399462223053,
      -0.38142815232276917,
      -0.1970883309841156,
      -0.17026549577713013,
      0.01962169073522091,
      0.6862850785255432,
      0.827165961265564,
      0.3772405683994293,
      -0.2550066411495209,
      0.17629356682300568,
      0.0050578732043504715,
      -0.30737435817718506,
      -0.27200406789779663,
      -0.6172016263008118,
      0.21856063604354858,
      -0.033113010227680206,
      0.3791782557964325,
      -0.2026427835226059,
      -3.871691066220019e-32,
      0.3292590379714966,
      0.1619044840335846,
      0.5292371511459351,
      0.18584074079990387,
      -0.5231996178627014,
      -0.601507842540741,
      -0.24953876435756683,
      -0.3059500753879547,
      -0.5635597705841064,
      0.6191815137863159,
      0.5568616390228271,
      -0.7436724901199341,
      -0.22581958770751953,
      0.2743588089942932,
      1.0989116430282593,
      -0.24428439140319824,
      0.850692093372345,
      0.6252431869506836,
      -0.35804182291030884,
      0.5241243839263916,
      -0.12650473415851593,
      0.8223314881324768,
      0.07108714431524277,
      0.1052478775382042,
      0.09325674921274185,
      0.0761876255273819,
      0.3491373658180237,
      1.0503625869750977,
      0.10350992530584335,
      -0.02704530581831932,
      -0.21222025156021118,
      -0.4588977098464966,
      -0.047094643115997314,
      -0.012167556211352348,
      -0.07234343886375427,
      0.5255704522132874,
      -0.04835052788257599,
      -0.34356510639190674,
      0.23034238815307617,
      -0.15204942226409912,
      -0.11517446488142014,
      -0.4759265184402466,
      0.08681060373783112,
      0.25358083844184875,
      0.07428382337093353,
      -0.2746661901473999,
      0.012236025184392929,
      -0.8706438541412354,
      0.7679260969161987,
      -0.04646189510822296,
      0.26704418659210205,
      0.13728992640972137,
      -0.45100200176239014,
      0.31855297088623047,
      -0.4302560091018677,
      1.0144257545471191,
      -0.33710944652557373,
      0.4095555543899536,
      0.2087714523077011,
      -0.0017460087547078729,
      -0.06332896649837494,
      -0.2653762102127075,
      0.4997355043888092,
      0.6155722737312317,
      0.38918647170066833,
      0.041727468371391296,
      0.0790005624294281,
      0.1919512152671814,
      0.19335557520389557,
      -0.49105706810951233,
      -0.1460552215576172,
      0.13530318439006805,
      0.7233182191848755,
      -0.18958359956741333,
      0.27612876892089844,
      0.9623730182647705,
      0.030148230493068695,
      -0.37111711502075195,
      0.09823265671730042,
      0.11133626848459244,
      -0.6210504174232483,
      0.0128523213788867,
      -0.7499298453330994,
      0.46755653619766235,
      0.11666496843099594,
      -0.09409535676240921,
      -0.006871949881315231,
      -0.28638991713523865,
      0.02980213053524494,
      -0.27944496273994446,
      -1.18008553981781,
      -0.682205855846405,
      0.0004114343028049916,
      -0.4079781770706177,
      -0.6483452320098877,
      3.3467520233412487e-32,
      0.3107110559940338,
      -0.3554297685623169,
      -0.058505017310380936,
      0.5394927859306335,
      -0.6621477603912354,
      -0.1559198498725891,
      0.41292107105255127,
      0.7388629913330078,
      -0.4547589123249054,
      -0.24921004474163055,
      -0.5845088958740234,
      -0.5594748854637146,
      0.3814316987991333,
      0.02609112113714218,
      0.2621704339981079,
      0.45312684774398804,
      0.6402808427810669,
      -0.012533819302916527,
      0.21913687884807587,
      -0.4534861147403717,
      -0.6683641076087952,
      0.05090964958071709,
      -0.25801488757133484,
      -0.18480895459651947,
      -0.17930975556373596,
      -0.01031173299998045,
      -0.4870830774307251,
      0.19418781995773315,
      0.0688590332865715,
      -0.29441720247268677,
      -0.09594634920358658,
      -0.0384773351252079,
      0.13950923085212708,
      0.6126081347465515,
      -0.25185075402259827,
      0.561018705368042,
      0.18414343893527985,
      -0.0013531355652958155,
